{
  "id": "f8a17d99-5300-48ac-bced-6e31c3d0318e",
  "generation": 3,
  "iteration": 20,
  "timestamp": 1782242826.5854464,
  "parent_id": "1d0ba28b-51d7-4180-aa61-49dac8e415ca",
  "metrics": {
    "combined_score": 1.882962766294617,
    "validity": 1.0,
    "eval_time": 1.000579833984375,
    "program_runtime": 0.995171308517456,
    "program_timeout": 0.0,
    "program_exit_code": 0,
    "objective_value": 1.882962766294617,
    "rl_normalized_reward": 1.8245398058643245
  },
  "language": "python",
  "saved_at": 1782242826.5989141
}