{
  "complete_problem_count": 48,
  "scored_sample_count": 240,
  "metrics": {
    "alebench": {
      "overall_absolute_score": {
        "mean@5": 2262611471.1499996,
        "std@5": 3811905374.2700086,
        "best@2/mean": 3731343360.838125,
        "best@2/std": 4356848483.336005,
        "worst@2/mean": 601983070.789875,
        "worst@2/std": 2009639828.0018864,
        "best@4/mean": 6121840444.8116255,
        "best@4/std": 4330486430.244629,
        "worst@4/mean": 38803654.7,
        "worst@4/std": 372282819.99081373,
        "best@5/mean": 6975717448.279625,
        "best@5/std": 4040008450.2015467,
        "worst@5/mean": 16790914.895,
        "worst@5/std": 158532268.2113208
      },
      "overall_relative_score": {
        "mean@5": 721583131.9250001,
        "std@5": 937640054.9880913,
        "best@2/mean": 1163703604.016625,
        "best@2/std": 978097880.0044802,
        "worst@2/mean": 263221514.1855,
        "worst@2/std": 627214731.7875309,
        "best@4/mean": 1703646190.874125,
        "best@4/std": 760942048.4567691,
        "worst@4/mean": 30383738.113125,
        "worst@4/std": 209685318.12880173,
        "best@5/mean": 1868397016.444375,
        "best@5/std": 622919657.378741,
        "worst@5/mean": 16613241.5695,
        "worst@5/std": 151363889.1007151
      },
      "performance": {
        "mean@5": 426.0,
        "std@5": 139.2127427426652,
        "best@2/mean": 491.52549999999997,
        "best@2/std": 142.75033059569398,
        "worst@2/mean": 360.42075,
        "worst@2/std": 90.37574696929602,
        "best@4/mean": 566.4527499999999,
        "best@4/std": 119.98713299227856,
        "worst@4/mean": 325.41,
        "worst@4/std": 41.16834416238117,
        "best@5/mean": 586.329125,
        "best@5/std": 108.55124378166111,
        "worst@5/mean": 319.010375,
        "worst@5/std": 28.677739523163794
      },
      "rank": {
        "mean@5": 819.7750000000001,
        "std@5": 50.71449101308477,
        "best@2/mean": 797.357875,
        "best@2/std": 55.04275421900749,
        "worst@2/mean": 842.7917500000001,
        "worst@2/std": 30.52115608691197,
        "best@4/mean": 768.419,
        "best@4/std": 49.457281533356394,
        "worst@4/mean": 852.9795,
        "worst@4/std": 10.581452817551465,
        "best@5/mean": 759.836,
        "best@5/std": 45.379261049771934,
        "worst@5/mean": 854.5108749999999,
        "worst@5/std": 5.829589633719145
      },
      "reward": {
        "mean@5": 426.0,
        "std@5": 139.2127427426652,
        "best@2/mean": 491.52549999999997,
        "best@2/std": 142.75033059569398,
        "worst@2/mean": 360.42075,
        "worst@2/std": 90.37574696929602,
        "best@4/mean": 566.4527499999999,
        "best@4/std": 119.98713299227856,
        "worst@4/mean": 325.41,
        "worst@4/std": 41.16834416238117,
        "best@5/mean": 586.329125,
        "best@5/std": 108.55124378166111,
        "worst@5/mean": 319.010375,
        "worst@5/std": 28.677739523163794
      },
      "score": {
        "mean@5": 426.0,
        "std@5": 139.2127427426652,
        "best@2/mean": 491.52549999999997,
        "best@2/std": 142.75033059569398,
        "worst@2/mean": 360.42075,
        "worst@2/std": 90.37574696929602,
        "best@4/mean": 566.4527499999999,
        "best@4/std": 119.98713299227856,
        "worst@4/mean": 325.41,
        "worst@4/std": 41.16834416238117,
        "best@5/mean": 586.329125,
        "best@5/std": 108.55124378166111,
        "worst@5/mean": 319.010375,
        "worst@5/std": 28.677739523163794
      }
    },
    "frontiercs": {
      "reward": {
        "mean@5": 1.3645150095238094,
        "std@5": 1.0703543463451592,
        "best@2/mean": 1.8567351994374994,
        "best@2/std": 0.8742001619064285,
        "worst@2/mean": 0.8434381188011905,
        "worst@2/std": 0.9953892056653556,
        "best@4/mean": 2.2215611224559515,
        "best@4/std": 0.4605897971064271,
        "worst@4/mean": 0.35978383559107135,
        "worst@4/std": 0.6652845782396406,
        "best@5/mean": 2.275790020292857,
        "best@5/std": 0.3753110477117838,
        "worst@5/mean": 0.24475559014464285,
        "worst@5/std": 0.5075826014880627
      },
      "score": {
        "mean@5": 1.3645150095238094,
        "std@5": 1.0703543463451592,
        "best@2/mean": 1.8567351994374994,
        "best@2/std": 0.8742001619064285,
        "worst@2/mean": 0.8434381188011905,
        "worst@2/std": 0.9953892056653556,
        "best@4/mean": 2.2215611224559515,
        "best@4/std": 0.4605897971064271,
        "worst@4/mean": 0.35978383559107135,
        "worst@4/std": 0.6652845782396406,
        "best@5/mean": 2.275790020292857,
        "best@5/std": 0.3753110477117838,
        "worst@5/mean": 0.24475559014464285,
        "worst@5/std": 0.5075826014880627
      },
      "score_unbounded": {
        "mean@5": 1.4017019328449327,
        "std@5": 1.102198047533497,
        "best@2/mean": 1.9082784609615384,
        "best@2/std": 0.9018869871743368,
        "worst@2/mean": 0.8656606827448107,
        "worst@2/std": 1.023443417172271,
        "best@4/mean": 2.2839065711086683,
        "best@4/std": 0.4780114046128064,
        "worst@4/mean": 0.3690310557344322,
        "worst@4/std": 0.682834456748462,
        "best@5/mean": 2.3405507740183147,
        "best@5/std": 0.3904471167119227,
        "worst@5/mean": 0.25104237130219775,
        "worst@5/std": 0.5209451152572376
      }
    }
  },
  "oracle_best": {
    "frontiercs": {
      "reward/oracle_best@5": 2.418475595238095,
      "score/oracle_best@5": 2.418475595238095,
      "score_unbounded/oracle_best@5": 2.4914845848595846
    },
    "alebench": {
      "reward/oracle_best@5": 653.375,
      "score/oracle_best@5": 653.375,
      "performance/oracle_best@5": 653.375,
      "rank/oracle_best@5": 731.625,
      "overall_absolute_score/oracle_best@5": 9794246408.75,
      "overall_relative_score/oracle_best@5": 2220745987.625
    }
  },
  "config": {
    "frontiercs_data": "/scratch/gpfs/CHIJ/bohan/fs/FrontierSmith/data/frontiercs/full.parquet",
    "alebench_data": "/scratch/gpfs/CHIJ/bohan/fs/FrontierSmith/data/alebench/val.parquet",
    "source": "both",
    "output_dir": "/scratch/gpfs/CHIJ/bohan/fs/FrontierSmith/outputs/cc_eval_q3_a100_method_thinking_32k_both_vllm/shard_0",
    "samples_jsonl": "/scratch/gpfs/CHIJ/bohan/fs/FrontierSmith/outputs/cc_eval_q3_a100_method_thinking_32k_both_vllm/shard_0/samples.jsonl",
    "summary_json": "/scratch/gpfs/CHIJ/bohan/fs/FrontierSmith/outputs/cc_eval_q3_a100_method_thinking_32k_both_vllm/summary.json",
    "resume": true,
    "limit_frontiercs": 40,
    "limit_alebench": 8,
    "num_shards": 1,
    "shard_idx": 0,
    "n_samples": 5,
    "base_url": "http://127.0.0.1:40217/v1",
    "model": "cc-q3_a100_method-think",
    "max_tokens": 32768,
    "temperature": 1.0,
    "top_p": 0.95,
    "top_k": 20,
    "min_p": 0.0,
    "presence_penalty": 1.5,
    "frequency_penalty": null,
    "repetition_penalty": 1.0,
    "concurrency": 64,
    "timeout": 2400.0,
    "max_errors": 12,
    "enable_thinking": true,
    "judge_url": "http://127.0.0.1:27217",
    "frontiercs_prompt_source": "official",
    "frontiercs_score_backend": "official",
    "save_text": true,
    "text_preview_chars": 0,
    "seed": 42,
    "dry_run": false
  },
  "samples_jsonl": "/scratch/gpfs/CHIJ/bohan/fs/FrontierSmith/outputs/cc_eval_q3_a100_method_thinking_32k_both_vllm/shard_0/samples.jsonl"
}
