{
  "id": "d10a40fe-4e01-4c20-a847-e1910627c51a",
  "generation": 2,
  "iteration": 12,
  "timestamp": 1782244728.9152496,
  "parent_id": "b5d0ea7d-bece-441d-a7c8-7ec28b9194e5",
  "metrics": {
    "combined_score": 0.962348412222537,
    "validity": 1.0,
    "eval_time": 1.324913740158081,
    "program_runtime": 1.3196403980255127,
    "program_timeout": 0.0,
    "program_exit_code": 0,
    "objective_value": 0.962348412222537,
    "rl_normalized_reward": 0.24357075819526622
  },
  "language": "python",
  "saved_at": 1782244812.6397445
}