{
  "id": "d2fc3f66-b7f4-4695-8f5b-5c9e37fe21e0",
  "generation": 3,
  "iteration": 14,
  "timestamp": 1782245237.7712517,
  "parent_id": "de36a978-e776-474b-9643-f5a9622121f0",
  "metrics": {
    "combined_score": 1.9026804492168363,
    "validity": 1.0,
    "eval_time": 1.2428779602050781,
    "program_runtime": 1.237576961517334,
    "program_timeout": 0.0,
    "program_exit_code": 0,
    "objective_value": 1.9026804492168363,
    "rl_normalized_reward": 1.8824598089486686
  },
  "language": "python",
  "saved_at": 1782245298.246369
}