{
  "complete_problem_count": 48,
  "scored_sample_count": 240,
  "metrics": {
    "alebench": {
      "overall_absolute_score": {
        "mean@5": 439860646.42499995,
        "std@5": 446139548.6911793,
        "best@2/mean": 660838968.623125,
        "best@2/std": 423153951.3686829,
        "worst@2/mean": 196052079.210375,
        "worst@2/std": 325997999.0195561,
        "best@4/mean": 892967913.6583751,
        "best@4/std": 302259560.7779596,
        "worst@4/mean": 44684179.81175,
        "worst@4/std": 140621912.80634516,
        "best@5/mean": 949042363.425875,
        "best@5/std": 258563450.81119815,
        "worst@5/mean": 22135686.444374997,
        "worst@5/std": 92419324.66485772
      },
      "overall_relative_score": {
        "mean@5": 4710765440.075,
        "std@5": 4344418377.531191,
        "best@2/mean": 6954973213.745,
        "best@2/std": 3972220692.0778093,
        "worst@2/mean": 2288544002.5394998,
        "worst@2/std": 3370527685.7686715,
        "best@4/mean": 9051456904.259377,
        "best@4/std": 2621260227.3632765,
        "worst@4/mean": 625100402.0376251,
        "worst@4/std": 1760286232.483034,
        "best@5/mean": 9510100296.147749,
        "best@5/std": 2268022704.381033,
        "worst@5/mean": 329732191.170875,
        "worst@5/std": 1270049541.057229
      },
      "performance": {
        "mean@5": 397.15,
        "std@5": 140.35182258365734,
        "best@2/mean": 454.095375,
        "best@2/std": 159.2458453151608,
        "worst@2/mean": 335.83875,
        "worst@2/std": 77.84512229494891,
        "best@4/mean": 533.25575,
        "best@4/std": 154.82827611984877,
        "worst@4/mean": 313.681125,
        "worst@4/std": 20.584999948781032,
        "best@5/mean": 560.6187500000001,
        "best@5/std": 145.43718070474375,
        "worst@5/mean": 311.922125,
        "worst@5/std": 10.797199799571489
      },
      "rank": {
        "mean@5": 831.55,
        "std@5": 41.90278346920182,
        "best@2/mean": 814.794125,
        "best@2/std": 48.83266282207916,
        "worst@2/mean": 849.3824999999999,
        "worst@2/std": 21.70601160441252,
        "best@4/mean": 790.806375,
        "best@4/std": 49.30773652289105,
        "worst@4/mean": 855.09825,
        "worst@4/std": 4.92195429431396,
        "best@5/mean": 782.1577500000001,
        "best@5/std": 46.94952522391934,
        "worst@5/mean": 855.50125,
        "worst@5/std": 2.5421720006731547
      },
      "reward": {
        "mean@5": 397.15,
        "std@5": 140.35182258365734,
        "best@2/mean": 454.095375,
        "best@2/std": 159.2458453151608,
        "worst@2/mean": 335.83875,
        "worst@2/std": 77.84512229494891,
        "best@4/mean": 533.25575,
        "best@4/std": 154.82827611984877,
        "worst@4/mean": 313.681125,
        "worst@4/std": 20.584999948781032,
        "best@5/mean": 560.6187500000001,
        "best@5/std": 145.43718070474375,
        "worst@5/mean": 311.922125,
        "worst@5/std": 10.797199799571489
      },
      "score": {
        "mean@5": 397.15,
        "std@5": 140.35182258365734,
        "best@2/mean": 454.095375,
        "best@2/std": 159.2458453151608,
        "worst@2/mean": 335.83875,
        "worst@2/std": 77.84512229494891,
        "best@4/mean": 533.25575,
        "best@4/std": 154.82827611984877,
        "worst@4/mean": 313.681125,
        "worst@4/std": 20.584999948781032,
        "best@5/mean": 560.6187500000001,
        "best@5/std": 145.43718070474375,
        "worst@5/mean": 311.922125,
        "worst@5/std": 10.797199799571489
      }
    },
    "frontiercs": {
      "reward": {
        "mean@5": 2.9238346925000003,
        "std@5": 4.0262734325991545,
        "best@2/mean": 4.739754716029523,
        "best@2/std": 4.246323091877761,
        "worst@2/mean": 1.1018220345970238,
        "worst@2/std": 2.629594906413274,
        "best@4/mean": 6.883175794611546,
        "best@4/std": 3.607702837673949,
        "worst@4/mean": 0.20646395331476192,
        "worst@4/std": 0.9995046714852535,
        "best@5/mean": 7.462858959950833,
        "best@5/std": 3.241171616856294,
        "worst@5/mean": 0.10567763322833335,
        "worst@5/std": 0.6546472494074371
      },
      "score": {
        "mean@5": 2.9238346925000003,
        "std@5": 4.0262734325991545,
        "best@2/mean": 4.739754716029523,
        "best@2/std": 4.246323091877761,
        "worst@2/mean": 1.1018220345970238,
        "worst@2/std": 2.629594906413274,
        "best@4/mean": 6.883175794611546,
        "best@4/std": 3.607702837673949,
        "worst@4/mean": 0.20646395331476192,
        "worst@4/std": 0.9995046714852535,
        "best@5/mean": 7.462858959950833,
        "best@5/std": 3.241171616856294,
        "worst@5/mean": 0.10567763322833335,
        "worst@5/std": 0.6546472494074371
      },
      "score_unbounded": {
        "mean@5": 3.3948557871794875,
        "std@5": 4.92157339703424,
        "best@2/mean": 5.578764589261049,
        "best@2/std": 5.306983331925472,
        "worst@2/mean": 1.2050284688174604,
        "worst@2/std": 3.0739464575106727,
        "best@4/mean": 8.268300362165691,
        "best@4/std": 4.665857307213602,
        "worst@4/mean": 0.21658697468180707,
        "worst@4/std": 1.1216048271109735,
        "best@5/mean": 9.006780366616239,
        "best@5/std": 4.245585033374418,
        "worst@5/mean": 0.11036757100341883,
        "worst@5/std": 0.7340167830775599
      }
    }
  },
  "oracle_best": {
    "frontiercs": {
      "reward/oracle_best@5": 9.394023898809525,
      "score/oracle_best@5": 9.394023898809525,
      "score_unbounded/oracle_best@5": 11.61515117826618
    },
    "alebench": {
      "reward/oracle_best@5": 661.125,
      "score/oracle_best@5": 661.125,
      "performance/oracle_best@5": 661.125,
      "rank/oracle_best@5": 748.625,
      "overall_absolute_score/oracle_best@5": 1090802335.25,
      "overall_relative_score/oracle_best@5": 10869087868.625
    }
  },
  "config": {
    "frontiercs_data": "/scratch/gpfs/CHIJ/bohan/fs/FrontierSmith/data/frontiercs/full.parquet",
    "alebench_data": "/scratch/gpfs/CHIJ/bohan/fs/FrontierSmith/data/alebench/val.parquet",
    "source": "both",
    "output_dir": "/scratch/gpfs/CHIJ/bohan/fs/FrontierSmith/outputs/cc_eval_q35_a100_method_soupa10_thinking_32k_both_vllm/shard_0",
    "samples_jsonl": "/scratch/gpfs/CHIJ/bohan/fs/FrontierSmith/outputs/cc_eval_q35_a100_method_soupa10_thinking_32k_both_vllm/shard_0/samples.jsonl",
    "summary_json": "/scratch/gpfs/CHIJ/bohan/fs/FrontierSmith/outputs/cc_eval_q35_a100_method_soupa10_thinking_32k_both_vllm/summary.json",
    "resume": true,
    "limit_frontiercs": 40,
    "limit_alebench": 8,
    "num_shards": 1,
    "shard_idx": 0,
    "n_samples": 5,
    "base_url": "http://127.0.0.1:37787/v1",
    "model": "cc-q35_a100_method_soupa10-think",
    "max_tokens": 32768,
    "temperature": 1.0,
    "top_p": 0.95,
    "top_k": 20,
    "min_p": 0.0,
    "presence_penalty": 1.5,
    "frequency_penalty": null,
    "repetition_penalty": 1.0,
    "concurrency": 64,
    "timeout": 2400.0,
    "max_errors": 12,
    "enable_thinking": true,
    "judge_url": "http://127.0.0.1:24787",
    "frontiercs_prompt_source": "official",
    "frontiercs_score_backend": "official",
    "save_text": true,
    "text_preview_chars": 0,
    "seed": 42,
    "dry_run": false
  },
  "samples_jsonl": "/scratch/gpfs/CHIJ/bohan/fs/FrontierSmith/outputs/cc_eval_q35_a100_method_soupa10_thinking_32k_both_vllm/shard_0/samples.jsonl"
}
