{
  "id": "c76913be-4212-49e8-9c8d-dfa47ff0e032",
  "generation": 2,
  "iteration": 15,
  "timestamp": 1782236350.3980305,
  "parent_id": "59ef2073-3707-45d9-a629-dbf75a4fe323",
  "metrics": {
    "combined_score": 2.094273374936842,
    "validity": 1.0,
    "eval_time": 7.731092214584351,
    "program_runtime": 7.725732088088989,
    "program_timeout": 0.0,
    "program_exit_code": 0,
    "objective_value": 2.094273374936842,
    "rl_normalized_reward": 2.510315224913413
  },
  "language": "python",
  "saved_at": 1782236459.1325014
}