{
  "complete_problem_count": 48,
  "scored_sample_count": 240,
  "metrics": {
    "alebench": {
      "overall_absolute_score": {
        "mean@5": 1565235332.1000001,
        "std@5": 1479796808.54123,
        "best@2/mean": 2246810206.81125,
        "best@2/std": 1617488785.4520323,
        "worst@2/mean": 848236882.8361249,
        "worst@2/std": 855123418.1442736,
        "best@4/mean": 3091205224.6615,
        "best@4/std": 1490409844.6732159,
        "worst@4/mean": 519837667.180875,
        "worst@4/std": 367315601.5395891,
        "best@5/mean": 3320434239.652875,
        "best@5/std": 1376754693.99996,
        "worst@5/mean": 474469342.31462497,
        "worst@5/std": 289668195.45254713
      },
      "overall_relative_score": {
        "mean@5": 5379558491.85,
        "std@5": 6209285814.322529,
        "best@2/mean": 8271159498.211375,
        "best@2/std": 6195967815.449285,
        "worst@2/mean": 2271865585.6247497,
        "worst@2/std": 4492501515.302976,
        "best@4/mean": 11268897043.887625,
        "best@4/std": 4699127734.20241,
        "worst@4/mean": 543871843.6101251,
        "worst@4/std": 1744355340.0764477,
        "best@5/mean": 12023735036.11125,
        "best@5/std": 3954036503.3948994,
        "worst@5/mean": 364647964.72249997,
        "worst@5/std": 1064584400.0233448
      },
      "performance": {
        "mean@5": 541.95,
        "std@5": 174.43106067404324,
        "best@2/mean": 624.810125,
        "best@2/std": 165.74361491848774,
        "worst@2/mean": 455.298625,
        "worst@2/std": 130.58209481316604,
        "best@4/mean": 706.831625,
        "best@4/std": 123.32319920243177,
        "worst@4/mean": 399.037625,
        "worst@4/std": 60.70997432908098,
        "best@5/mean": 729.3254999999999,
        "best@5/std": 101.86822011119125,
        "worst@5/mean": 391.97200000000004,
        "worst@5/std": 46.13990776412105
      },
      "rank": {
        "mean@5": 776.075,
        "std@5": 88.03640216699712,
        "best@2/mean": 736.7761250000001,
        "best@2/std": 88.53413871119264,
        "worst@2/mean": 817.4361250000001,
        "worst@2/std": 62.06763585303334,
        "best@4/mean": 693.415375,
        "best@4/std": 71.668213858382,
        "worst@4/mean": 841.4445000000001,
        "worst@4/std": 25.652482120331666,
        "best@5/mean": 680.336875,
        "best@5/std": 60.81341198456906,
        "worst@5/mean": 844.2402500000001,
        "worst@5/std": 18.079994610323745
      },
      "reward": {
        "mean@5": 541.95,
        "std@5": 174.43106067404324,
        "best@2/mean": 624.810125,
        "best@2/std": 165.74361491848774,
        "worst@2/mean": 455.298625,
        "worst@2/std": 130.58209481316604,
        "best@4/mean": 706.831625,
        "best@4/std": 123.32319920243177,
        "worst@4/mean": 399.037625,
        "worst@4/std": 60.70997432908098,
        "best@5/mean": 729.3254999999999,
        "best@5/std": 101.86822011119125,
        "worst@5/mean": 391.97200000000004,
        "worst@5/std": 46.13990776412105
      },
      "score": {
        "mean@5": 541.95,
        "std@5": 174.43106067404324,
        "best@2/mean": 624.810125,
        "best@2/std": 165.74361491848774,
        "worst@2/mean": 455.298625,
        "worst@2/std": 130.58209481316604,
        "best@4/mean": 706.831625,
        "best@4/std": 123.32319920243177,
        "worst@4/mean": 399.037625,
        "worst@4/std": 60.70997432908098,
        "best@5/mean": 729.3254999999999,
        "best@5/std": 101.86822011119125,
        "worst@5/mean": 391.97200000000004,
        "worst@5/std": 46.13990776412105
      }
    },
    "frontiercs": {
      "reward": {
        "mean@5": 2.2599128982380954,
        "std@5": 2.4798525736561507,
        "best@2/mean": 3.349596909417143,
        "best@2/std": 2.4079652806401137,
        "worst@2/mean": 1.119777696202262,
        "worst@2/std": 1.8440645946381313,
        "best@4/mean": 4.499154059842262,
        "best@4/std": 1.8897338354165718,
        "worst@4/mean": 0.38502901277488094,
        "worst@4/std": 0.9461065428500559,
        "best@5/mean": 4.842019612313928,
        "best@5/std": 1.6040938852840463,
        "worst@5/mean": 0.22692557002619043,
        "worst@5/std": 0.6757600030631388
      },
      "score": {
        "mean@5": 2.2599128982380954,
        "std@5": 2.4798525736561507,
        "best@2/mean": 3.349596909417143,
        "best@2/std": 2.4079652806401137,
        "worst@2/mean": 1.119777696202262,
        "worst@2/std": 1.8440645946381313,
        "best@4/mean": 4.499154059842262,
        "best@4/std": 1.8897338354165718,
        "worst@4/mean": 0.38502901277488094,
        "worst@4/std": 0.9461065428500559,
        "best@5/mean": 4.842019612313928,
        "best@5/std": 1.6040938852840463,
        "worst@5/mean": 0.22692557002619043,
        "worst@5/std": 0.6757600030631388
      },
      "score_unbounded": {
        "mean@5": 2.4434625926898326,
        "std@5": 2.6815487282769195,
        "best@2/mean": 3.6217501723428565,
        "best@2/std": 2.603958141232555,
        "worst@2/mean": 1.210634752651094,
        "worst@2/std": 1.9938941788277205,
        "best@4/mean": 4.864848551180823,
        "best@4/std": 2.04373088296683,
        "worst@4/mean": 0.4162507165133848,
        "worst@4/std": 1.022887917776191,
        "best@5/mean": 5.23563941871776,
        "best@5/std": 1.7349017385192507,
        "worst@5/mean": 0.24532650813642212,
        "worst@5/std": 0.7306009007102311
      }
    }
  },
  "oracle_best": {
    "frontiercs": {
      "reward/oracle_best@5": 5.757369326190476,
      "score/oracle_best@5": 5.757369326190476,
      "score_unbounded/oracle_best@5": 6.225750622908623
    },
    "alebench": {
      "reward/oracle_best@5": 779.5,
      "score/oracle_best@5": 779.5,
      "performance/oracle_best@5": 779.5,
      "rank/oracle_best@5": 648.25,
      "overall_absolute_score/oracle_best@5": 4167971562.0,
      "overall_relative_score/oracle_best@5": 13577314871.625
    }
  },
  "config": {
    "frontiercs_data": "/scratch/gpfs/CHIJ/bohan/fs/FrontierSmith/data/frontiercs/full.parquet",
    "alebench_data": "/scratch/gpfs/CHIJ/bohan/fs/FrontierSmith/data/alebench/val.parquet",
    "source": "both",
    "output_dir": "/scratch/gpfs/CHIJ/bohan/fs/FrontierSmith/outputs/cc_eval_q3_a100_methodtraj_soupa10_thinking_32k_both_vllm/shard_0",
    "samples_jsonl": "/scratch/gpfs/CHIJ/bohan/fs/FrontierSmith/outputs/cc_eval_q3_a100_methodtraj_soupa10_thinking_32k_both_vllm/shard_0/samples.jsonl",
    "summary_json": "/scratch/gpfs/CHIJ/bohan/fs/FrontierSmith/outputs/cc_eval_q3_a100_methodtraj_soupa10_thinking_32k_both_vllm/summary.json",
    "resume": true,
    "limit_frontiercs": 40,
    "limit_alebench": 8,
    "num_shards": 1,
    "shard_idx": 0,
    "n_samples": 5,
    "base_url": "http://127.0.0.1:39820/v1",
    "model": "cc-q3_a100_methodtraj_soupa10-think",
    "max_tokens": 32768,
    "temperature": 1.0,
    "top_p": 0.95,
    "top_k": 20,
    "min_p": 0.0,
    "presence_penalty": 1.5,
    "frequency_penalty": null,
    "repetition_penalty": 1.0,
    "concurrency": 64,
    "timeout": 2400.0,
    "max_errors": 12,
    "enable_thinking": true,
    "judge_url": "http://127.0.0.1:26820",
    "frontiercs_prompt_source": "official",
    "frontiercs_score_backend": "official",
    "save_text": true,
    "text_preview_chars": 0,
    "seed": 42,
    "dry_run": false
  },
  "samples_jsonl": "/scratch/gpfs/CHIJ/bohan/fs/FrontierSmith/outputs/cc_eval_q3_a100_methodtraj_soupa10_thinking_32k_both_vllm/shard_0/samples.jsonl"
}
