{"start_0": {"strict": 7.053749202979965, "errfix": 7.053749202979965, "cf": 7.842368127370437, "ntr": 555}, "start_5": {"strict": 7.251993296880074, "errfix": 7.251993296880074, "cf": 8.598097078957366, "ntr": 492}, "start_10": {"strict": 8.63684317603104, "errfix": 8.64443325355042, "cf": 10.35925808642091, "ntr": 387}, "start_15": {"strict": 9.897258003910872, "errfix": 9.900038391507774, "cf": 11.005146490856486, "ntr": 285}, "start_20": {"strict": 11.014204664614901, "errfix": 11.019341770558054, "cf": 12.400106818224977, "ntr": 215}, "wd03_0": {"strict": 6.675364891635407, "errfix": 6.682341635821453, "cf": 8.28286001602774, "ntr": 546}, "wd03_5": {"strict": 8.418285082414622, "errfix": 8.442500721949505, "cf": 9.919675002512612, "ntr": 509}, "wd03_10": {"strict": 8.617637470435104, "errfix": 8.617637470435104, "cf": 10.805276859427352, "ntr": 366}, "wd03_15": {"strict": 9.436557430614526, "errfix": 9.436557430614526, "cf": 10.829885178216719, "ntr": 274}, "wd03_20": {"strict": 9.798269159581613, "errfix": 9.79860462469789, "cf": 10.915500173343728, "ntr": 286}, "nom_a5_0": {"strict": 6.584065958132097, "errfix": 6.602670609294886, "cf": 9.159198467745282, "ntr": 561}, "nom_a5_5": {"strict": 7.21757718750938, "errfix": 7.225013660377597, "cf": 9.084146994096363, "ntr": 488}, "nom_a5_10": {"strict": 9.067042507638329, "errfix": 9.067845550273988, "cf": 10.306233842014198, "ntr": 340}, "nom_a5_15": {"strict": 9.098734181607254, "errfix": 9.098734181607254, "cf": 10.140746210105988, "ntr": 236}, "nom_a5_20": {"strict": 9.883536491069574, "errfix": 9.916091471689729, "cf": 11.250130888056548, "ntr": 179}, "newmt_0": {"strict": 5.89399739502858, "errfix": 5.89399739502858, "cf": 7.370875155004568, "ntr": 599}, "newmt_5": {"strict": 6.972808813082446, "errfix": 6.972808813082446, "cf": 8.09340318643265, "ntr": 484}, "newmt_10": {"strict": 9.354825629078595, "errfix": 9.38251334225689, "cf": 11.336315624267607, "ntr": 364}, "newmt_15": {"strict": 10.147427838760473, "errfix": 10.147485571318613, "cf": 11.66954721243912, "ntr": 324}, "newmt_20": {"strict": 10.700352814683825, "errfix": 10.700352814683825, "cf": 11.9928118839258, "ntr": 260}}