{
  "id": "558b16cf-bafc-490f-87e6-be562282f580",
  "generation": 0,
  "iteration": 0,
  "timestamp": 1782249799.277596,
  "parent_id": null,
  "metrics": {
    "combined_score": 0.9597642169962064,
    "validity": 1.0,
    "eval_time": 1.000699758529663,
    "program_runtime": 0.9953844547271729,
    "program_timeout": 0.0,
    "program_exit_code": 0,
    "objective_value": 0.9597642169962064,
    "rl_normalized_reward": 0.2416138400727848
  },
  "language": "python",
  "saved_at": 1782250023.0408192
}