{
  "id": "0c55ad53-af5d-4608-9707-fa3b9255a424",
  "generation": 2,
  "iteration": 8,
  "timestamp": 1782155082.210779,
  "parent_id": "ae969521-f132-41c5-b2d7-99d16037c51f",
  "metrics": {
    "combined_score": 1.350470700219578,
    "validity": 1.0,
    "eval_time": 1.249455451965332,
    "program_runtime": 1.2393686771392822,
    "program_timeout": 0.0,
    "program_exit_code": 0,
    "objective_value": 1.350470700219578,
    "rl_normalized_reward": 0.6731062827097857
  },
  "language": "python",
  "saved_at": 1782155252.0304844
}