{
  "complete_problem_count": 48,
  "scored_sample_count": 240,
  "metrics": {
    "alebench": {
      "overall_absolute_score": {
        "mean@5": 176025005.75000003,
        "std@5": 351998489.90547585,
        "best@2/mean": 319423842.577,
        "best@2/std": 423125725.8356618,
        "worst@2/mean": 40218702.569375,
        "worst@2/std": 183714610.6038124,
        "best@4/mean": 521465528.577625,
        "best@4/std": 432338121.40861434,
        "worst@4/mean": 1763223.374,
        "worst@4/std": 39330417.286943875,
        "best@5/mean": 607084612.263625,
        "best@5/std": 406993725.6870304,
        "worst@5/mean": 881609.18725,
        "worst@5/std": 27824798.308931228
      },
      "overall_relative_score": {
        "mean@5": 2117774479.65,
        "std@5": 4235497437.7054763,
        "best@2/mean": 3843472144.395,
        "best@2/std": 5091655851.1973505,
        "worst@2/mean": 485572618.358625,
        "worst@2/std": 2214634890.9006667,
        "best@4/mean": 6271200407.771375,
        "best@4/std": 5203382258.641157,
        "worst@4/mean": 21180718.113,
        "worst@4/std": 473084393.48498094,
        "best@5/mean": 7305552813.942376,
        "best@5/std": 4897453346.130817,
        "worst@5/mean": 10590356.55675,
        "worst@5/std": 334688800.2858467
      },
      "performance": {
        "mean@5": 368.475,
        "std@5": 89.15438180673898,
        "best@2/mean": 410.6231250000001,
        "best@2/std": 97.99964128280405,
        "worst@2/mean": 327.96025,
        "worst@2/std": 52.33106047267248,
        "best@4/mean": 461.8645,
        "best@4/std": 86.23465832792498,
        "worst@4/mean": 312.49325,
        "worst@4/std": 16.890885857610527,
        "best@5/mean": 475.24875000000003,
        "best@5/std": 79.74276222763643,
        "worst@5/mean": 311.469375,
        "worst@5/std": 11.702741869393932
      },
      "rank": {
        "mean@5": 837.7,
        "std@5": 30.787615030025428,
        "best@2/mean": 823.893875,
        "best@2/std": 35.22622021370309,
        "worst@2/mean": 851.15225,
        "worst@2/std": 16.50750275412272,
        "best@4/mean": 805.4327499999999,
        "best@4/std": 33.28452268638219,
        "worst@4/mean": 855.4114999999999,
        "worst@4/std": 4.776649068548943,
        "best@5/mean": 800.1342500000001,
        "best@5/std": 31.25645411525722,
        "worst@5/mean": 855.6536249999999,
        "worst@5/std": 3.268614412375885
      },
      "reward": {
        "mean@5": 368.475,
        "std@5": 89.15438180673898,
        "best@2/mean": 410.6231250000001,
        "best@2/std": 97.99964128280405,
        "worst@2/mean": 327.96025,
        "worst@2/std": 52.33106047267248,
        "best@4/mean": 461.8645,
        "best@4/std": 86.23465832792498,
        "worst@4/mean": 312.49325,
        "worst@4/std": 16.890885857610527,
        "best@5/mean": 475.24875000000003,
        "best@5/std": 79.74276222763643,
        "worst@5/mean": 311.469375,
        "worst@5/std": 11.702741869393932
      },
      "score": {
        "mean@5": 368.475,
        "std@5": 89.15438180673898,
        "best@2/mean": 410.6231250000001,
        "best@2/std": 97.99964128280405,
        "worst@2/mean": 327.96025,
        "worst@2/std": 52.33106047267248,
        "best@4/mean": 461.8645,
        "best@4/std": 86.23465832792498,
        "worst@4/mean": 312.49325,
        "worst@4/std": 16.890885857610527,
        "best@5/mean": 475.24875000000003,
        "best@5/std": 79.74276222763643,
        "worst@5/mean": 311.469375,
        "worst@5/std": 11.702741869393932
      }
    },
    "frontiercs": {
      "reward": {
        "mean@5": 2.8358262777142853,
        "std@5": 3.02992994912828,
        "best@2/mean": 4.215200894123453,
        "best@2/std": 2.9505092238582513,
        "worst@2/mean": 1.4269198076139287,
        "worst@2/std": 2.1773890166896526,
        "best@4/mean": 5.6614850421878575,
        "best@4/std": 2.3812119488604644,
        "worst@4/mean": 0.5570605038839286,
        "worst@4/std": 1.084244705833437,
        "best@5/mean": 6.060214759870833,
        "best@5/std": 2.1234315103922654,
        "worst@5/mean": 0.38707957629333334,
        "worst@5/std": 0.7858824159141403
      },
      "score": {
        "mean@5": 2.8358262777142853,
        "std@5": 3.02992994912828,
        "best@2/mean": 4.215200894123453,
        "best@2/std": 2.9505092238582513,
        "worst@2/mean": 1.4269198076139287,
        "worst@2/std": 2.1773890166896526,
        "best@4/mean": 5.6614850421878575,
        "best@4/std": 2.3812119488604644,
        "worst@4/mean": 0.5570605038839286,
        "worst@4/std": 1.084244705833437,
        "best@5/mean": 6.060214759870833,
        "best@5/std": 2.1234315103922654,
        "worst@5/mean": 0.38707957629333334,
        "worst@5/std": 0.7858824159141403
      },
      "score_unbounded": {
        "mean@5": 2.986640397593985,
        "std@5": 3.1912075810430034,
        "best@2/mean": 4.439916365919424,
        "best@2/std": 3.1080313841916443,
        "worst@2/mean": 1.5023952753830827,
        "worst@2/std": 2.292689689677328,
        "best@4/mean": 5.9642006591451135,
        "best@4/std": 2.508890281243875,
        "worst@4/mean": 0.5864106798778196,
        "worst@4/std": 1.1414148220672231,
        "best@5/mean": 6.384446587232457,
        "best@5/std": 2.2375331998565655,
        "worst@5/mean": 0.4074599860982457,
        "worst@5/std": 0.8272783927885007
      }
    }
  },
  "oracle_best": {
    "frontiercs": {
      "reward/oracle_best@5": 7.332714221190477,
      "score/oracle_best@5": 7.332714221190477,
      "score_unbounded/oracle_best@5": 7.726447074937345
    },
    "alebench": {
      "reward/oracle_best@5": 524.875,
      "score/oracle_best@5": 524.875,
      "performance/oracle_best@5": 524.875,
      "rank/oracle_best@5": 779.5,
      "overall_absolute_score/oracle_best@5": 879960122.25,
      "overall_relative_score/oracle_best@5": 10588707491.75
    }
  },
  "config": {
    "frontiercs_data": "/scratch/gpfs/CHIJ/bohan/fs/FrontierSmith/data/frontiercs/full.parquet",
    "alebench_data": "/scratch/gpfs/CHIJ/bohan/fs/FrontierSmith/data/alebench/val.parquet",
    "source": "both",
    "output_dir": "/scratch/gpfs/CHIJ/bohan/fs/FrontierSmith/outputs/cc_eval_q35_a100_methodtraj_soupa10_thinking_32k_both_vllm/shard_0",
    "samples_jsonl": "/scratch/gpfs/CHIJ/bohan/fs/FrontierSmith/outputs/cc_eval_q35_a100_methodtraj_soupa10_thinking_32k_both_vllm/shard_0/samples.jsonl",
    "summary_json": "/scratch/gpfs/CHIJ/bohan/fs/FrontierSmith/outputs/cc_eval_q35_a100_methodtraj_soupa10_thinking_32k_both_vllm/summary.json",
    "resume": true,
    "limit_frontiercs": 40,
    "limit_alebench": 8,
    "num_shards": 1,
    "shard_idx": 0,
    "n_samples": 5,
    "base_url": "http://127.0.0.1:41987/v1",
    "model": "cc-q35_a100_methodtraj_soupa10-think",
    "max_tokens": 32768,
    "temperature": 1.0,
    "top_p": 0.95,
    "top_k": 20,
    "min_p": 0.0,
    "presence_penalty": 1.5,
    "frequency_penalty": null,
    "repetition_penalty": 1.0,
    "concurrency": 64,
    "timeout": 2400.0,
    "max_errors": 12,
    "enable_thinking": true,
    "judge_url": "http://127.0.0.1:28987",
    "frontiercs_prompt_source": "official",
    "frontiercs_score_backend": "official",
    "save_text": true,
    "text_preview_chars": 0,
    "seed": 42,
    "dry_run": false
  },
  "samples_jsonl": "/scratch/gpfs/CHIJ/bohan/fs/FrontierSmith/outputs/cc_eval_q35_a100_methodtraj_soupa10_thinking_32k_both_vllm/shard_0/samples.jsonl"
}
