{
  "id": "5a298b88-3409-4ba2-b3d2-60765eed1bdf",
  "generation": 1,
  "iteration": 1,
  "timestamp": 1782240773.3148813,
  "parent_id": "8515a260-5fe4-48ad-9d0e-c13d7f3e5487",
  "metrics": {
    "combined_score": 1.2737749736604542,
    "validity": 1.0,
    "eval_time": 1.231618881225586,
    "program_runtime": 1.2259852886199951,
    "program_timeout": 0.0,
    "program_exit_code": 0,
    "objective_value": 1.2737749736604542,
    "rl_normalized_reward": 0.5648150772915088
  },
  "language": "python",
  "saved_at": 1782240972.403404
}