{
  "complete_problem_count": 21,
  "scored_sample_count": 105,
  "metrics": {
    "frontiercs_research": {
      "reward": {
        "mean@5": 0.4562159569523142,
        "std@5": 0.9115619741137385,
        "best@2/mean": 0.8233340528150724,
        "best@2/std": 1.0943751687745507,
        "worst@2/mean": 0.08000660913247429,
        "worst@2/std": 0.41885310898314154,
        "best@4/mean": 1.3931515007259496,
        "best@4/std": 1.1106357958832713,
        "worst@4/mean": 0.004612630531469123,
        "worst@4/std": 0.10183120247945807,
        "best@5/mean": 1.5617599632185113,
        "best@5/std": 1.0581811777902757,
        "worst@5/mean": 0.0022897816747522574,
        "worst@5/std": 0.07204278731837149
      },
      "score": {
        "mean@5": 0.4562159569523142,
        "std@5": 0.9115619741137385,
        "best@2/mean": 0.8233340528150724,
        "best@2/std": 1.0943751687745507,
        "worst@2/mean": 0.08000660913247429,
        "worst@2/std": 0.41885310898314154,
        "best@4/mean": 1.3931515007259496,
        "best@4/std": 1.1106357958832713,
        "worst@4/mean": 0.004612630531469123,
        "worst@4/std": 0.10183120247945807,
        "best@5/mean": 1.5617599632185113,
        "best@5/std": 1.0581811777902757,
        "worst@5/mean": 0.0022897816747522574,
        "worst@5/std": 0.07204278731837149
      },
      "score_unbounded": {
        "mean@5": 0.5322519497777,
        "std@5": 1.0634889697993615,
        "best@2/mean": 0.9605563949509178,
        "best@2/std": 1.2767710302369757,
        "worst@2/mean": 0.09334104398788667,
        "worst@2/std": 0.4886619604803318,
        "best@4/mean": 1.625343417513608,
        "best@4/std": 1.2957417618638165,
        "worst@4/mean": 0.005381402286713977,
        "worst@4/std": 0.11880306955936774,
        "best@5/mean": 1.8220532904215965,
        "best@5/std": 1.2345447074219882,
        "worst@5/mean": 0.0026714119538776334,
        "worst@5/std": 0.08404991853810008
      }
    }
  },
  "oracle_best": {
    "frontiercs_research": {
      "reward/oracle_best@5": 2.279339406763434,
      "score/oracle_best@5": 2.279339406763434,
      "score_unbounded/oracle_best@5": 2.659229307890673
    }
  },
  "config": {
    "frontiercs_data": "/scratch/gpfs/CHIJ/bohan/fs/FrontierSmith/data/frontiercs/full.parquet",
    "alebench_data": "/scratch/gpfs/CHIJ/bohan/fs/FrontierSmith/data/alebench/val.parquet",
    "research_data": "/scratch/gpfs/CHIJ/bohan/fs/FrontierSmith/data/frontiercs/research_gpu.parquet",
    "source": "research",
    "limit_research": null,
    "output_dir": "/scratch/gpfs/CHIJ/bohan/fs/FrontierSmith/outputs/cc_eval_q35_sft_research_research_thinking_32k_vllm/shard_0",
    "samples_jsonl": "/scratch/gpfs/CHIJ/bohan/fs/FrontierSmith/outputs/cc_eval_q35_sft_research_research_thinking_32k_vllm/shard_0/samples.jsonl",
    "summary_json": "/scratch/gpfs/CHIJ/bohan/fs/FrontierSmith/outputs/cc_eval_q35_sft_research_research_thinking_32k_vllm/summary.json",
    "resume": true,
    "limit_frontiercs": null,
    "limit_alebench": null,
    "num_shards": 1,
    "shard_idx": 0,
    "n_samples": 5,
    "base_url": "http://127.0.0.1:48016/v1",
    "model": "cc-q35_sft_research-research",
    "max_tokens": 32768,
    "temperature": 1.0,
    "top_p": 0.95,
    "top_k": 20,
    "min_p": 0.0,
    "presence_penalty": 1.5,
    "frequency_penalty": null,
    "repetition_penalty": 1.0,
    "concurrency": 4,
    "timeout": 2400.0,
    "max_errors": 20,
    "enable_thinking": true,
    "judge_url": "http://127.0.0.1:8082",
    "frontiercs_prompt_source": "official",
    "frontiercs_score_backend": "official",
    "save_text": true,
    "text_preview_chars": 0,
    "seed": 42,
    "dry_run": false
  },
  "samples_jsonl": "/scratch/gpfs/CHIJ/bohan/fs/FrontierSmith/outputs/cc_eval_q35_sft_research_research_thinking_32k_vllm/shard_0/samples.jsonl"
}
