{
  "complete_problem_count": 48,
  "scored_sample_count": 240,
  "metrics": {
    "alebench": {
      "overall_absolute_score": {
        "mean@5": 31125910.425,
        "std@5": 39852945.76974991,
        "best@2/mean": 52654231.889375,
        "best@2/std": 40670676.51483983,
        "worst@2/mean": 11097343.752500001,
        "worst@2/std": 26576729.343505993,
        "best@4/mean": 75294574.7025,
        "best@4/std": 30886168.373736937,
        "worst@4/mean": 1454861.804,
        "worst@4/std": 9925544.703680811,
        "best@5/mean": 79694363.46700001,
        "best@5/std": 27815428.134846803,
        "worst@5/mean": 690763.408625,
        "worst@5/std": 6642346.27884946
      },
      "overall_relative_score": {
        "mean@5": 460991065.0,
        "std@5": 565830857.387836,
        "best@2/mean": 760071737.1819999,
        "best@2/std": 548590061.7385544,
        "worst@2/mean": 180222999.0085,
        "worst@2/std": 418430959.4733108,
        "best@4/mean": 1030235917.988,
        "best@4/std": 362678283.23268765,
        "worst@4/mean": 25175652.51125,
        "worst@4/std": 168054372.42114943,
        "best@5/mean": 1068457294.056,
        "best@5/std": 310829829.21131665,
        "worst@5/mean": 12569558.5435,
        "worst@5/std": 119185847.32860607
      },
      "performance": {
        "mean@5": 317.525,
        "std@5": 11.530420832022665,
        "best@2/mean": 322.196375,
        "best@2/std": 12.767014530549664,
        "worst@2/mean": 312.58725,
        "worst@2/std": 6.784808875411113,
        "best@4/mean": 328.668,
        "best@4/std": 11.85102523757045,
        "worst@4/mean": 310.697625,
        "worst@4/std": 1.7883834693953649,
        "best@5/mean": 330.6645,
        "best@5/std": 11.034473810824467,
        "worst@5/mean": 310.589375,
        "worst@5/std": 0.8474573643405314
      },
      "rank": {
        "mean@5": 853.9000000000001,
        "std@5": 3.25227038425243,
        "best@2/mean": 852.58625,
        "best@2/std": 3.605423432168994,
        "worst@2/mean": 855.290625,
        "worst@2/std": 1.90890860420377,
        "best@4/mean": 850.7581250000001,
        "best@4/std": 3.354930846199906,
        "worst@4/mean": 855.8201250000001,
        "worst@4/std": 0.49992491463431077,
        "best@5/mean": 850.1916249999999,
        "best@5/std": 3.1252743786827875,
        "worst@5/mean": 855.85025,
        "worst@5/std": 0.23468050089430095
      },
      "reward": {
        "mean@5": 317.525,
        "std@5": 11.530420832022665,
        "best@2/mean": 322.196375,
        "best@2/std": 12.767014530549664,
        "worst@2/mean": 312.58725,
        "worst@2/std": 6.784808875411113,
        "best@4/mean": 328.668,
        "best@4/std": 11.85102523757045,
        "worst@4/mean": 310.697625,
        "worst@4/std": 1.7883834693953649,
        "best@5/mean": 330.6645,
        "best@5/std": 11.034473810824467,
        "worst@5/mean": 310.589375,
        "worst@5/std": 0.8474573643405314
      },
      "score": {
        "mean@5": 317.525,
        "std@5": 11.530420832022665,
        "best@2/mean": 322.196375,
        "best@2/std": 12.767014530549664,
        "worst@2/mean": 312.58725,
        "worst@2/std": 6.784808875411113,
        "best@4/mean": 328.668,
        "best@4/std": 11.85102523757045,
        "worst@4/mean": 310.697625,
        "worst@4/std": 1.7883834693953649,
        "best@5/mean": 330.6645,
        "best@5/std": 11.034473810824467,
        "worst@5/mean": 310.589375,
        "worst@5/std": 0.8474573643405314
      }
    },
    "frontiercs": {
      "reward": {
        "mean@5": 0.0997886445,
        "std@5": 0.1589729220275879,
        "best@2/mean": 0.16511537472749999,
        "best@2/std": 0.18182291931035685,
        "worst@2/mean": 0.032973667307499996,
        "worst@2/std": 0.0819133557799007,
        "best@4/mean": 0.2592147369475,
        "best@4/std": 0.17838786546950275,
        "worst@4/mean": 0.013060185390000001,
        "worst@4/std": 0.030803252700157747,
        "best@5/mean": 0.286390950315,
        "best@5/std": 0.16922425944893535,
        "worst@5/mean": 0.0101560147725,
        "worst@5/std": 0.025169574903678403
      },
      "score": {
        "mean@5": 0.0997886445,
        "std@5": 0.1589729220275879,
        "best@2/mean": 0.16511537472749999,
        "best@2/std": 0.18182291931035685,
        "worst@2/mean": 0.032973667307499996,
        "worst@2/std": 0.0819133557799007,
        "best@4/mean": 0.2592147369475,
        "best@4/std": 0.17838786546950275,
        "worst@4/mean": 0.013060185390000001,
        "worst@4/std": 0.030803252700157747,
        "best@5/mean": 0.286390950315,
        "best@5/std": 0.16922425944893535,
        "worst@5/mean": 0.0101560147725,
        "worst@5/std": 0.025169574903678403
      },
      "score_unbounded": {
        "mean@5": 0.4223148363157896,
        "std@5": 0.8018882337132506,
        "best@2/mean": 0.746485512607895,
        "best@2/std": 0.9533114251126262,
        "worst@2/mean": 0.0902321011131579,
        "worst@2/std": 0.3777674271906685,
        "best@4/mean": 1.2421301702078953,
        "best@4/std": 0.9611694747952615,
        "worst@4/mean": 0.016920305147368423,
        "worst@4/std": 0.10329815481584356,
        "best@5/mean": 1.3881281490157902,
        "best@5/std": 0.9150252179649612,
        "worst@5/mean": 0.012276912655263157,
        "worst@5/std": 0.07663464945689621
      }
    }
  },
  "oracle_best": {
    "frontiercs": {
      "reward/oracle_best@5": 0.4005083775,
      "score/oracle_best@5": 0.4005083775,
      "score_unbounded/oracle_best@5": 2.007958555263158
    },
    "alebench": {
      "reward/oracle_best@5": 337.5,
      "score/oracle_best@5": 337.5,
      "performance/oracle_best@5": 337.5,
      "rank/oracle_best@5": 848.25,
      "overall_absolute_score/oracle_best@5": 96163554.125,
      "overall_relative_score/oracle_best@5": 1163572367.75
    }
  },
  "config": {
    "frontiercs_data": "/scratch/gpfs/CHIJ/bohan/fs/FrontierSmith/data/frontiercs/full.parquet",
    "alebench_data": "/scratch/gpfs/CHIJ/bohan/fs/FrontierSmith/data/alebench/val.parquet",
    "source": "both",
    "output_dir": "/scratch/gpfs/CHIJ/bohan/fs/FrontierSmith/outputs/cc_eval_q3_a100_methodtraj_thinking_32k_both_vllm/shard_0",
    "samples_jsonl": "/scratch/gpfs/CHIJ/bohan/fs/FrontierSmith/outputs/cc_eval_q3_a100_methodtraj_thinking_32k_both_vllm/shard_0/samples.jsonl",
    "summary_json": "/scratch/gpfs/CHIJ/bohan/fs/FrontierSmith/outputs/cc_eval_q3_a100_methodtraj_thinking_32k_both_vllm/summary.json",
    "resume": true,
    "limit_frontiercs": 40,
    "limit_alebench": 8,
    "num_shards": 1,
    "shard_idx": 0,
    "n_samples": 5,
    "base_url": "http://127.0.0.1:41424/v1",
    "model": "cc-q3_a100_methodtraj-think",
    "max_tokens": 32768,
    "temperature": 1.0,
    "top_p": 0.95,
    "top_k": 20,
    "min_p": 0.0,
    "presence_penalty": 1.5,
    "frequency_penalty": null,
    "repetition_penalty": 1.0,
    "concurrency": 64,
    "timeout": 2400.0,
    "max_errors": 12,
    "enable_thinking": true,
    "judge_url": "http://127.0.0.1:28424",
    "frontiercs_prompt_source": "official",
    "frontiercs_score_backend": "official",
    "save_text": true,
    "text_preview_chars": 0,
    "seed": 42,
    "dry_run": false
  },
  "samples_jsonl": "/scratch/gpfs/CHIJ/bohan/fs/FrontierSmith/outputs/cc_eval_q3_a100_methodtraj_thinking_32k_both_vllm/shard_0/samples.jsonl"
}
