{
  "complete_problem_count": 48,
  "scored_sample_count": 240,
  "metrics": {
    "alebench": {
      "overall_absolute_score": {
        "mean@5": 1404354737.4,
        "std@5": 1014062033.3378593,
        "best@2/mean": 1899074821.3682501,
        "best@2/std": 1115038889.5243695,
        "worst@2/mean": 919422823.946,
        "worst@2/std": 572855123.0118957,
        "best@4/mean": 2443174896.1159997,
        "best@4/std": 1059921026.1526618,
        "worst@4/mean": 689923258.346375,
        "worst@4/std": 216144933.69849584,
        "best@5/mean": 2631571228.3647504,
        "best@5/std": 987755744.4478903,
        "worst@5/mean": 654911491.73225,
        "worst@5/std": 165670362.61871746
      },
      "overall_relative_score": {
        "mean@5": 1760737760.6,
        "std@5": 718500289.9589326,
        "best@2/mean": 2162410454.326125,
        "best@2/std": 648997209.6356454,
        "worst@2/mean": 1392319687.157375,
        "worst@2/std": 568503429.385547,
        "best@4/mean": 2520738706.3747497,
        "best@4/std": 454401778.5105551,
        "worst@4/mean": 1112289358.838875,
        "worst@4/std": 331410401.16188455,
        "best@5/mean": 2597390874.4649997,
        "best@5/std": 389141485.0652826,
        "worst@5/mean": 1061267742.6333749,
        "worst@5/std": 266501054.8770605
      },
      "performance": {
        "mean@5": 543.325,
        "std@5": 156.95688517021733,
        "best@2/mean": 621.456375,
        "best@2/std": 127.74963288012748,
        "worst@2/mean": 469.81575,
        "worst@2/std": 137.91147123983356,
        "best@4/mean": 681.9266250000001,
        "best@4/std": 80.2552845461095,
        "worst@4/mean": 397.046,
        "worst@4/std": 95.16942785345596,
        "best@5/mean": 695.186,
        "best@5/std": 65.2584823761763,
        "worst@5/mean": 378.712375,
        "worst@5/std": 80.1048508501265
      },
      "rank": {
        "mean@5": 776.4749999999999,
        "std@5": 68.95684272995186,
        "best@2/mean": 743.119625,
        "best@2/std": 62.79724558097564,
        "worst@2/mean": 808.62,
        "worst@2/std": 55.758135651566,
        "best@4/mean": 712.784125,
        "best@4/std": 43.705014987965185,
        "worst@4/mean": 835.0227500000001,
        "worst@4/std": 31.706322050662326,
        "best@5/mean": 705.630875,
        "best@5/std": 36.142079535811874,
        "worst@5/mean": 840.194625,
        "worst@5/std": 24.37717061888901
      },
      "reward": {
        "mean@5": 543.325,
        "std@5": 156.95688517021733,
        "best@2/mean": 621.456375,
        "best@2/std": 127.74963288012748,
        "worst@2/mean": 469.81575,
        "worst@2/std": 137.91147123983356,
        "best@4/mean": 681.9266250000001,
        "best@4/std": 80.2552845461095,
        "worst@4/mean": 397.046,
        "worst@4/std": 95.16942785345596,
        "best@5/mean": 695.186,
        "best@5/std": 65.2584823761763,
        "worst@5/mean": 378.712375,
        "worst@5/std": 80.1048508501265
      },
      "score": {
        "mean@5": 543.325,
        "std@5": 156.95688517021733,
        "best@2/mean": 621.456375,
        "best@2/std": 127.74963288012748,
        "worst@2/mean": 469.81575,
        "worst@2/std": 137.91147123983356,
        "best@4/mean": 681.9266250000001,
        "best@4/std": 80.2552845461095,
        "worst@4/mean": 397.046,
        "worst@4/std": 95.16942785345596,
        "best@5/mean": 695.186,
        "best@5/std": 65.2584823761763,
        "worst@5/mean": 378.712375,
        "worst@5/std": 80.1048508501265
      }
    },
    "frontiercs": {
      "reward": {
        "mean@5": 3.3219139624761906,
        "std@5": 2.8376432894204964,
        "best@2/mean": 4.667746200651666,
        "best@2/std": 2.5378572881709074,
        "worst@2/mean": 1.950721199269643,
        "worst@2/std": 2.346033112748617,
        "best@4/mean": 5.792975069525833,
        "best@4/std": 1.7330472896632785,
        "worst@4/mean": 0.8858622912120238,
        "worst@4/std": 1.3406106571618386,
        "best@5/mean": 6.089757648413095,
        "best@5/std": 1.4089485262213146,
        "worst@5/mean": 0.6962116805532144,
        "worst@5/std": 1.052967701031005
      },
      "score": {
        "mean@5": 3.3219139624761906,
        "std@5": 2.8376432894204964,
        "best@2/mean": 4.667746200651666,
        "best@2/std": 2.5378572881709074,
        "worst@2/mean": 1.950721199269643,
        "worst@2/std": 2.346033112748617,
        "best@4/mean": 5.792975069525833,
        "best@4/std": 1.7330472896632785,
        "worst@4/mean": 0.8858622912120238,
        "worst@4/std": 1.3406106571618386,
        "best@5/mean": 6.089757648413095,
        "best@5/std": 1.4089485262213146,
        "worst@5/mean": 0.6962116805532144,
        "worst@5/std": 1.052967701031005
      },
      "score_unbounded": {
        "mean@5": 3.745696175649936,
        "std@5": 3.376598150724861,
        "best@2/mean": 5.326516784488288,
        "best@2/std": 3.1149481361724,
        "worst@2/mean": 2.1444084856969114,
        "worst@2/std": 2.6980141301721794,
        "best@4/mean": 6.719811750838739,
        "best@4/std": 2.25306714694271,
        "worst@4/mean": 0.9592333418508366,
        "worst@4/std": 1.4838076182893545,
        "best@5/mean": 7.116332322608752,
        "best@5/std": 1.8803198783823007,
        "worst@5/mean": 0.7534334654629344,
        "worst@5/std": 1.1627500143610396
      }
    }
  },
  "oracle_best": {
    "frontiercs": {
      "reward/oracle_best@5": 6.808800726190475,
      "score/oracle_best@5": 6.808800726190475,
      "score_unbounded/oracle_best@5": 8.133054839124839
    },
    "alebench": {
      "reward/oracle_best@5": 727.75,
      "score/oracle_best@5": 727.75,
      "performance/oracle_best@5": 727.75,
      "rank/oracle_best@5": 686.5,
      "overall_absolute_score/oracle_best@5": 3341358670.0,
      "overall_relative_score/oracle_best@5": 2840603089.875
    }
  },
  "config": {
    "frontiercs_data": "/scratch/gpfs/CHIJ/bohan/fs/FrontierSmith/data/frontiercs/full.parquet",
    "alebench_data": "/scratch/gpfs/CHIJ/bohan/fs/FrontierSmith/data/alebench/val.parquet",
    "source": "both",
    "output_dir": "/scratch/gpfs/CHIJ/bohan/fs/FrontierSmith/outputs/cc_eval_q3_a100_method_soupa10_thinking_32k_both_vllm/shard_0",
    "samples_jsonl": "/scratch/gpfs/CHIJ/bohan/fs/FrontierSmith/outputs/cc_eval_q3_a100_method_soupa10_thinking_32k_both_vllm/shard_0/samples.jsonl",
    "summary_json": "/scratch/gpfs/CHIJ/bohan/fs/FrontierSmith/outputs/cc_eval_q3_a100_method_soupa10_thinking_32k_both_vllm/summary.json",
    "resume": true,
    "limit_frontiercs": 40,
    "limit_alebench": 8,
    "num_shards": 1,
    "shard_idx": 0,
    "n_samples": 5,
    "base_url": "http://127.0.0.1:40357/v1",
    "model": "cc-q3_a100_method_soupa10-think",
    "max_tokens": 32768,
    "temperature": 1.0,
    "top_p": 0.95,
    "top_k": 20,
    "min_p": 0.0,
    "presence_penalty": 1.5,
    "frequency_penalty": null,
    "repetition_penalty": 1.0,
    "concurrency": 64,
    "timeout": 2400.0,
    "max_errors": 12,
    "enable_thinking": true,
    "judge_url": "http://127.0.0.1:27357",
    "frontiercs_prompt_source": "official",
    "frontiercs_score_backend": "official",
    "save_text": true,
    "text_preview_chars": 0,
    "seed": 42,
    "dry_run": false
  },
  "samples_jsonl": "/scratch/gpfs/CHIJ/bohan/fs/FrontierSmith/outputs/cc_eval_q3_a100_method_soupa10_thinking_32k_both_vllm/shard_0/samples.jsonl"
}
