{
  "id": "e790dc74-bb46-400a-9e9e-e529f4f0b790",
  "generation": 1,
  "iteration": 9,
  "timestamp": 1782233899.2840593,
  "parent_id": "27cc9d89-7cbb-4ea9-a545-7ae318e2160f",
  "metrics": {
    "combined_score": 1.8377846733831447,
    "validity": 1.0,
    "eval_time": 1.5877149105072021,
    "program_runtime": 1.5816683769226074,
    "program_timeout": 0.0,
    "program_exit_code": 0,
    "objective_value": 1.8377846733831447,
    "rl_normalized_reward": 1.6963365575604832
  },
  "language": "python",
  "saved_at": 1782234094.5948045
}