{
  "id": "bcbdc9d7-7084-4627-abfb-cea08a861cf4",
  "generation": 1,
  "iteration": 4,
  "timestamp": 1782252612.964037,
  "parent_id": "337caf77-a5df-41ed-83e6-7a3f3fbc4a18",
  "metrics": {
    "combined_score": 1.646787132601353,
    "validity": 1.0,
    "eval_time": 2.7000672817230225,
    "program_runtime": 2.694587469100952,
    "program_timeout": 0.0,
    "program_exit_code": 0,
    "objective_value": 1.646787132601353,
    "rl_normalized_reward": 1.220507747174488
  },
  "language": "python",
  "saved_at": 1782252750.9988816
}